Brand_Name,Brand_Main_URL
williamhillcasino,http://www.williamhillcasino.com
EuroGrand,http://www.eurogrand.com
www2,http://www2.williamhill.com
Prestige,http://www.prestigecasino.com
21nova,http://www.21nova.com
rubybingo,http://www.rubybingo.com
cotedazurpalace,http://www.cotedazurpalace.com
SkyKingsCasino,http://www.SkyKingsCasino.com
joylandcasino,http://www.joylandcasino.com
LiveEuroGrand,http://livecasino.eurogrand.com/
