eurogrand,Seoeurogrand,eurogrand+casino
skykings,Seoskykings,skykingscasino
21nova,Seo32vegas,21nova+casino
joyland,Seojoyland,joylandcasino
prestige,Seoprestcasino,prestige+casino
whcasino,Seowhcasino,williamhillcasino.com
www2,Seowhw2,www2.williamhill.com
whit,Seowhcasino,williamhill.it
